Tanggal,Indeks,Nilai
5/21/2013,1,9765
5/22/2013,2,9765
5/23/2013,3,9774
5/24/2013,4,9772
5/27/2013,5,9792
5/28/2013,6,9810
5/29/2013,7,9810
5/30/2013,8,9811
5/31/2013,9,9802
6/3/2013,10,9811
6/4/2013,11,9805
6/5/2013,12,9807
6/7/2013,13,9790
6/10/2013,14,9806
6/11/2013,15,9821
6/12/2013,16,9856
6/13/2013,17,9887
6/14/2013,18,9886
6/17/2013,19,9881
6/18/2013,20,9918
6/19/2013,21,9910
6/20/2013,22,9927
6/21/2013,23,9960
6/24/2013,24,9931
6/25/2013,25,9948
6/26/2013,26,9939
6/27/2013,27,9937
6/28/2013,28,9929
7/1/2013,29,9934
7/2/2013,30,9940
7/3/2013,31,9941
7/4/2013,32,9945
7/5/2013,33,9945
7/8/2013,34,9960
7/9/2013,35,9960
7/10/2013,36,9970
7/11/2013,37,9979
7/12/2013,38,9980
7/15/2013,39,10024
7/16/2013,40,10036
7/17/2013,41,10040
7/18/2013,42,10059
7/19/2013,43,10070
7/22/2013,44,10068
7/23/2013,45,10222
7/24/2013,46,10262
7/25/2013,47,10263
7/26/2013,48,10265
7/29/2013,49,10270
7/30/2013,50,10277
7/31/2013,51,10278
8/1/2013,52,10288
8/2/2013,53,10286
8/12/2013,54,10287
8/13/2013,55,10292
8/14/2013,56,10297
8/15/2013,57,10318
8/16/2013,58,10392
8/19/2013,59,10451
8/20/2013,60,10504
8/21/2013,61,10723
8/22/2013,62,10795
8/23/2013,63,10848
8/26/2013,64,10841
8/27/2013,65,10883
8/28/2013,66,10950
8/29/2013,67,10936
8/30/2013,68,10924
9/2/2013,69,10922
9/3/2013,70,10983
9/4/2013,71,11093
9/5/2013,72,11125
9/6/2013,73,11200
9/9/2013,74,11188
9/10/2013,75,11180
9/11/2013,76,11438
9/12/2013,77,11494
9/13/2013,78,11395
9/16/2013,79,11423
9/17/2013,80,11451
9/18/2013,81,11492
9/19/2013,82,11278
9/20/2013,83,11352
9/23/2013,84,11435
9/24/2013,85,11535
9/25/2013,86,11569
9/26/2013,87,11573
9/27/2013,88,11532
9/30/2013,89,11613
10/1/2013,90,11593
10/2/2013,91,11568
10/3/2013,92,11535
10/4/2013,93,11556
10/7/2013,94,11532
10/8/2013,95,11538
10/9/2013,96,11540
10/10/2013,97,11542
10/11/2013,98,11475
10/16/2013,99,11316
10/17/2013,100,11351
10/18/2013,101,11308
10/21/2013,102,11353
10/22/2013,103,11341
10/23/2013,104,11258
10/24/2013,105,11268
10/25/2013,106,11142
10/28/2013,107,11018
10/29/2013,108,11076
10/30/2013,109,11161
10/31/2013,110,11234
11/1/2013,111,11354
11/4/2013,112,11389
11/6/2013,113,11414
11/7/2013,114,11389
11/8/2013,115,11404
11/11/2013,116,11486
11/12/2013,117,11578
11/13/2013,118,11644
11/14/2013,119,11546
11/15/2013,120,11561
11/18/2013,121,11627
11/19/2013,122,11609
11/20/2013,123,11631
11/21/2013,124,11717
11/22/2013,125,11706
11/25/2013,126,11722
11/26/2013,127,11765
11/27/2013,128,11813
11/28/2013,129,11930
11/29/2013,130,11977
12/2/2013,131,11946
12/3/2013,132,11830
12/4/2013,133,11960
12/5/2013,134,12018
12/6/2013,135,11960
12/9/2013,136,11956
12/10/2013,137,11985
12/11/2013,138,12005
12/12/2013,139,12025
12/13/2013,140,12081
12/16/2013,141,12105
12/17/2013,142,12104
12/18/2013,143,12151
12/19/2013,144,12191
12/20/2013,145,12245
12/23/2013,146,12246
12/24/2013,147,12215
12/27/2013,148,12260
12/30/2013,149,12270
12/31/2013,150,12189
1/2/2014,151,12242
1/3/2014,152,12226
1/6/2014,153,12230
1/7/2014,154,12262
1/8/2014,155,12229
1/9/2014,156,12263
1/10/2014,157,12197
1/13/2014,158,12047
1/15/2014,159,12077
1/16/2014,160,12117
1/17/2014,161,12127
1/20/2014,162,12110
1/21/2014,163,12122
1/22/2014,164,12149
1/23/2014,165,12173
1/24/2014,166,12177
1/27/2014,167,12198
1/28/2014,168,12267
1/29/2014,169,12154
1/30/2014,170,12226
2/3/2014,171,12251
2/4/2014,172,12248
2/5/2014,173,12172
2/6/2014,174,12159
2/7/2014,175,12176
2/10/2014,176,12166
2/11/2014,177,12174
2/12/2014,178,12115
2/13/2014,179,12073
2/14/2014,180,11886
2/17/2014,181,11716
2/18/2014,182,11826
2/19/2014,183,11850
2/20/2014,184,11772
2/21/2014,185,11792
2/24/2014,186,11728
2/25/2014,187,11620
2/26/2014,188,11669
2/27/2014,189,11675
2/28/2014,190,11634
3/3/2014,191,11596
3/4/2014,192,11647
3/5/2014,193,11580
3/6/2014,194,11554
3/7/2014,195,11395
3/10/2014,196,11449
3/11/2014,197,11384
3/12/2014,198,11432
3/13/2014,199,11387
3/14/2014,200,11421
3/17/2014,201,11272
3/18/2014,202,11282
3/19/2014,203,11313
3/20/2014,204,11407
3/21/2014,205,11431
3/24/2014,206,11384
3/25/2014,207,11357
3/26/2014,208,11408
3/27/2014,209,11438
3/28/2014,210,11404
4/1/2014,211,11271
4/2/2014,212,11303
4/3/2014,213,11310
4/4/2014,214,11310
4/7/2014,215,11282
4/8/2014,216,11309
4/10/2014,217,11342
4/11/2014,218,11450
4/14/2014,219,11444
4/15/2014,220,11434
4/16/2014,221,11438
4/17/2014,222,11418
4/21/2014,223,11430
4/22/2014,224,11486
4/23/2014,225,11590
4/24/2014,226,11608
4/25/2014,227,11601
4/28/2014,228,11568
4/29/2014,229,11589
4/30/2014,230,11532
5/2/2014,231,11537
5/5/2014,232,11511
5/6/2014,233,11511
5/7/2014,234,11527
5/8/2014,235,11624
5/9/2014,236,11563
5/12/2014,237,11536
5/13/2014,238,11525
5/14/2014,239,11487
5/16/2014,240,11415
5/19/2014,241,11351
5/20/2014,242,11441
5/21/2014,243,11507
5/22/2014,244,11515
5/23/2014,245,11560
5/26/2014,246,11633
5/28/2014,247,11613
5/30/2014,248,11611
6/2/2014,249,11740
6/3/2014,250,11806
6/4/2014,251,11810
6/5/2014,252,11874
6/6/2014,253,11823
6/9/2014,254,11790
6/10/2014,255,11806
6/11/2014,256,11803
6/12/2014,257,11813
6/13/2014,258,11781
6/16/2014,259,11814
6/17/2014,260,11863
6/18/2014,261,11978
6/19/2014,262,11916
6/20/2014,263,11967
6/23/2014,264,11971
6/24/2014,265,12000
6/25/2014,266,12027
6/26/2014,267,12091
6/27/2014,268,12103
6/30/2014,269,11969
7/1/2014,270,11798
7/2/2014,271,11854
7/3/2014,272,11963
7/4/2014,273,11887
7/7/2014,274,11787
7/8/2014,275,11695
7/10/2014,276,11549
7/11/2014,277,11627
7/14/2014,278,11627
7/15/2014,279,11709
7/16/2014,280,11805
7/17/2014,281,11668
7/18/2014,282,11706
7/21/2014,283,11577
7/22/2014,284,11531
7/23/2014,285,11498
7/24/2014,286,11531
7/25/2014,287,11591
8/4/2014,288,11747
8/5/2014,289,11733
8/6/2014,290,11756
8/7/2014,291,11766
8/8/2014,292,11822
8/11/2014,293,11728
8/12/2014,294,11677
8/13/2014,295,11683
8/14/2014,296,11667
8/15/2014,297,11693
8/18/2014,298,11681
8/19/2014,299,11682
8/20/2014,300,11707
8/21/2014,301,11717
8/22/2014,302,11654
8/25/2014,303,11714
8/26/2014,304,11715
8/27/2014,305,11708
8/28/2014,306,11682
8/29/2014,307,11717
9/1/2014,308,11710
9/2/2014,309,11734
9/3/2014,310,11781
9/4/2014,311,11760
9/5/2014,312,11770
9/8/2014,313,11722
9/9/2014,314,11754
9/10/2014,315,11782
9/11/2014,316,11831
9/12/2014,317,11831
9/15/2014,318,11875
9/16/2014,319,11903
9/17/2014,320,11908
9/18/2014,321,12030
9/19/2014,322,11985
9/22/2014,323,11972
9/23/2014,324,11987
9/24/2014,325,11976
9/25/2014,326,11947
9/26/2014,327,12007
9/29/2014,328,12120
9/30/2014,329,12212
10/1/2014,330,12188
10/2/2014,331,12136
10/3/2014,332,12144
10/6/2014,333,12212
10/7/2014,334,12190
10/8/2014,335,12241
10/9/2014,336,12190
10/10/2014,337,12207
10/13/2014,338,12202
10/14/2014,339,12195
10/15/2014,340,12229
10/16/2014,341,12207
10/17/2014,342,12222
10/20/2014,343,12041
10/21/2014,344,11993
10/22/2014,345,12026
10/23/2014,346,12034
10/24/2014,347,12065
10/27/2014,348,12042
10/28/2014,349,12158
10/29/2014,350,12163
10/30/2014,351,12165
10/31/2014,352,12082
11/3/2014,353,12105
11/4/2014,354,12130
11/5/2014,355,12092
11/6/2014,356,12179
11/7/2014,357,12149
11/10/2014,358,12138
11/11/2014,359,12163
11/12/2014,360,12205
11/13/2014,361,12191
11/14/2014,362,12206
11/17/2014,363,12193
11/18/2014,364,12146
11/19/2014,365,12124
11/20/2014,366,12161
11/21/2014,367,12161
11/24/2014,368,12122
11/25/2014,369,12166
11/26/2014,370,12160
11/27/2014,371,12179
11/28/2014,372,12196
12/1/2014,373,12264
12/2/2014,374,12276
12/3/2014,375,12295
12/4/2014,376,12318
12/5/2014,377,12296
12/8/2014,378,12352
12/9/2014,379,12347
12/10/2014,380,12336
12/11/2014,381,12336
12/12/2014,382,12432
12/15/2014,383,12599
12/16/2014,384,12900
12/17/2014,385,12720
12/18/2014,386,12565
12/19/2014,387,12500
12/22/2014,388,12435
12/23/2014,389,12456
12/24/2014,390,12467
12/29/2014,391,12434
12/30/2014,392,12436
12/31/2014,393,12440
1/2/2015,394,12474
1/5/2015,395,12589
1/6/2015,396,12658
1/7/2015,397,12732
1/8/2015,398,12731
1/9/2015,399,12640
1/12/2015,400,12568
1/13/2015,401,12608
1/14/2015,402,12580
1/15/2015,403,12617
1/16/2015,404,12593
1/19/2015,405,12612
1/20/2015,406,12659
1/21/2015,407,12557
1/22/2015,408,12451
1/23/2015,409,12444
1/26/2015,410,12517
1/27/2015,411,12493
1/28/2015,412,12498
1/29/2015,413,12515
1/30/2015,414,12625
2/2/2015,415,12700
2/3/2015,416,12643
2/4/2015,417,12609
2/5/2015,418,12653
2/6/2015,419,12613
2/9/2015,420,12679
2/10/2015,421,12644
2/11/2015,422,12700
2/12/2015,423,12794
2/13/2015,424,12769
2/16/2015,425,12742
2/17/2015,426,12757
2/18/2015,427,12804
2/20/2015,428,12849
2/23/2015,429,12813
2/24/2015,430,12866
2/25/2015,431,12887
2/26/2015,432,12862
2/27/2015,433,12863
3/2/2015,434,12993
3/3/2015,435,12962
3/4/2015,436,12963
3/5/2015,437,13022
3/6/2015,438,12983
3/9/2015,439,13047
3/10/2015,440,13059
3/11/2015,441,13164
3/12/2015,442,13176
3/13/2015,443,13191
3/16/2015,444,13237
3/17/2015,445,13209
3/18/2015,446,13164
3/19/2015,447,13008
3/20/2015,448,13075
3/23/2015,449,13076
3/24/2015,450,12972
3/25/2015,451,12932
3/26/2015,452,13003
3/27/2015,453,13064
3/30/2015,454,13086
3/31/2015,455,13084
4/1/2015,456,13043
4/2/2015,457,13000
4/6/2015,458,12942
4/7/2015,459,12982
4/8/2015,460,13002
4/9/2015,461,12973
4/10/2015,462,12910
4/13/2015,463,12945
4/14/2015,464,12979
4/15/2015,465,12976
4/16/2015,466,12838
4/17/2015,467,12863
4/20/2015,468,12875
4/21/2015,469,12942
4/22/2015,470,12952
4/23/2015,471,12939
4/24/2015,472,12941
4/27/2015,473,12922
4/28/2015,474,12978
4/29/2015,475,12964
4/30/2015,476,12937
5/4/2015,477,13021
5/5/2015,478,12993
5/6/2015,479,13040
5/7/2015,480,13065
5/8/2015,481,13177
5/11/2015,482,13116
5/12/2015,483,13203
5/13/2015,484,13188
5/15/2015,485,13090
5/18/2015,486,13116
5/19/2015,487,13183
5/20/2015,488,13169
5/21/2015,489,13150
5/22/2015,490,13136
5/25/2015,491,13186
5/26/2015,492,13192
5/27/2015,493,13229
5/28/2015,494,13205
5/29/2015,495,13211
6/1/2015,496,13230
6/3/2015,497,13196
6/4/2015,498,13243
6/5/2015,499,13288
6/8/2015,500,13360
6/9/2015,501,13362
6/10/2015,502,13329
6/11/2015,503,13292
6/12/2015,504,13317
6/15/2015,505,13333
6/16/2015,506,13333
6/17/2015,507,13367
6/18/2015,508,13341
6/19/2015,509,13324
6/22/2015,510,13318
6/23/2015,511,13316
6/24/2015,512,13280
6/25/2015,513,13323
6/26/2015,514,13338
6/29/2015,515,13356
6/30/2015,516,13332
7/1/2015,517,13331
7/2/2015,518,13337
7/3/2015,519,13316
7/6/2015,520,13353
7/7/2015,521,13313
7/8/2015,522,13346
7/9/2015,523,13347
7/10/2015,524,13304
7/13/2015,525,13309
7/14/2015,526,13320
7/15/2015,527,13329
7/22/2015,528,13368
7/23/2015,529,13394
7/24/2015,530,13448
7/27/2015,531,13453
7/28/2015,532,13460
7/29/2015,533,13444
7/30/2015,534,13468
7/31/2015,535,13481
8/3/2015,536,13492
8/4/2015,537,13495
8/5/2015,538,13517
8/6/2015,539,13529
8/7/2015,540,13536
8/10/2015,541,13536
8/11/2015,542,13541
8/12/2015,543,13758
8/13/2015,544,13747
8/14/2015,545,13763
8/18/2015,546,13831
8/19/2015,547,13824
8/20/2015,548,13838
8/21/2015,549,13895
8/24/2015,550,13998
8/25/2015,551,14067
8/26/2015,552,14102
8/27/2015,553,14128
8/28/2015,554,14011
8/31/2015,555,14027
9/1/2015,556,14081
9/2/2015,557,14127
9/3/2015,558,14160
9/4/2015,559,14178
9/7/2015,560,14234
9/8/2015,561,14285
9/9/2015,562,14244
9/10/2015,563,14322
9/11/2015,564,14306
9/14/2015,565,14322
9/15/2015,566,14371
9/16/2015,567,14442
9/17/2015,568,14452
9/18/2015,569,14463
9/21/2015,570,14451
9/22/2015,571,14486
9/23/2015,572,14623
9/25/2015,573,14690
9/28/2015,574,14696
9/29/2015,575,14728
9/30/2015,576,14657
10/1/2015,577,14654
10/2/2015,578,14709
10/5/2015,579,14604
10/6/2015,580,14382
10/7/2015,581,14065
10/8/2015,582,13809
10/9/2015,583,13521
10/12/2015,584,13466
10/13/2015,585,13557
10/15/2015,586,13288
10/16/2015,587,13534
10/19/2015,588,13563
10/20/2015,589,13634
10/21/2015,590,13696
10/22/2015,591,13640
10/23/2015,592,13491
10/26/2015,593,13643
10/27/2015,594,13626
10/28/2015,595,13630
10/29/2015,596,13562
10/30/2015,597,13639
11/2/2015,598,13682
11/3/2015,599,13594
11/4/2015,600,13461
11/5/2015,601,13603
11/6/2015,602,13550
11/9/2015,603,13687
11/10/2015,604,13619
11/11/2015,605,13576
11/12/2015,606,13575
11/13/2015,607,13633
11/16/2015,608,13732
11/17/2015,609,13711
11/18/2015,610,13763
11/19/2015,611,13787
11/20/2015,612,13739
11/23/2015,613,13696
11/24/2015,614,13723
11/25/2015,615,13673
11/26/2015,616,13733
11/27/2015,617,13747
11/30/2015,618,13840
12/1/2015,619,13808
12/2/2015,620,13757
12/3/2015,621,13845
12/4/2015,622,13833
12/7/2015,623,13837
12/8/2015,624,13853
12/10/2015,625,13954
12/11/2015,626,13937
12/14/2015,627,14076
12/15/2015,628,14065
12/16/2015,629,14050
12/17/2015,630,14028
12/18/2015,631,14032
12/21/2015,632,13872
12/22/2015,633,13615
12/23/2015,634,13644
12/28/2015,635,13639
12/29/2015,636,13658
12/30/2015,637,13794
12/31/2015,638,13795
1/4/2016,639,13898
1/5/2016,640,13931
1/6/2016,641,13863
1/7/2016,642,13946
1/8/2016,643,13874
1/11/2016,644,13935
1/12/2016,645,13835
1/13/2016,646,13861
1/14/2016,647,13877
1/15/2016,648,13886
1/18/2016,649,13931
1/19/2016,650,13921
1/20/2016,651,13896
1/21/2016,652,13899
1/22/2016,653,13874
1/25/2016,654,13844
1/26/2016,655,13904
1/27/2016,656,13871
1/28/2016,657,13889
1/29/2016,658,13846
2/1/2016,659,13699
2/2/2016,660,13621
2/3/2016,661,13757
2/4/2016,662,13662
2/5/2016,663,13653
2/9/2016,664,13689
2/10/2016,665,13538
2/11/2016,666,13369
2/12/2016,667,13471
2/15/2016,668,13476
2/16/2016,669,13333
2/17/2016,670,13504
2/18/2016,671,13479
2/19/2016,672,13549
2/22/2016,673,13460
2/23/2016,674,13397
2/24/2016,675,13446
2/25/2016,676,13416
2/26/2016,677,13400
2/29/2016,678,13395
3/1/2016,679,13367
3/2/2016,680,13314
3/3/2016,681,13260
3/4/2016,682,13159
3/7/2016,683,13029
3/8/2016,684,13128
3/10/2016,685,13149
3/11/2016,686,13087
3/14/2016,687,13020
3/15/2016,688,13087
3/16/2016,689,13169
3/17/2016,690,13166
3/18/2016,691,13048
3/21/2016,692,13160
3/22/2016,693,13175
3/23/2016,694,13167
3/24/2016,695,13250
3/28/2016,696,13323
3/29/2016,697,13363
3/30/2016,698,13359
3/31/2016,699,13276
4/1/2016,700,13200
4/4/2016,701,13145
4/5/2016,702,13217
4/6/2016,703,13223
4/7/2016,704,13197
4/8/2016,705,13169
4/11/2016,706,13134
4/12/2016,707,13123
4/13/2016,708,13096
4/14/2016,709,13238
4/15/2016,710,13166
4/18/2016,711,13204
4/19/2016,712,13150
4/20/2016,713,13133
4/21/2016,714,13182
4/22/2016,715,13169
4/25/2016,716,13235
4/26/2016,717,13215
4/27/2016,718,13173
4/28/2016,719,13204
4/29/2016,720,13204
5/2/2016,721,13192
5/3/2016,722,13162
5/4/2016,723,13246
5/9/2016,724,13284
5/10/2016,725,13333
5/11/2016,726,13271
5/12/2016,727,13299
5/13/2016,728,13311
5/16/2016,729,13328
5/17/2016,730,13278
5/18/2016,731,13319
5/19/2016,732,13467
5/20/2016,733,13573
5/23/2016,734,13607
5/24/2016,735,13606
5/25/2016,736,13671
5/26/2016,737,13615
5/27/2016,738,13575
5/30/2016,739,13641
5/31/2016,740,13615
6/1/2016,741,13671
6/2/2016,742,13695
6/3/2016,743,13612
6/6/2016,744,13478
6/7/2016,745,13375
6/8/2016,746,13241
6/9/2016,747,13231
6/10/2016,748,13309
6/13/2016,749,13341
6/14/2016,750,13273
6/15/2016,751,13398
6/16/2016,752,13327
6/17/2016,753,13358
6/20/2016,754,13260
6/21/2016,755,13286
6/22/2016,756,13298
6/23/2016,757,13265
6/24/2016,758,13296
6/27/2016,759,13495
6/28/2016,760,13256
6/29/2016,761,13166
6/30/2016,762,13180
7/1/2016,763,13172
7/11/2016,764,13112
7/12/2016,765,13151
7/13/2016,766,13095
7/14/2016,767,13088
7/15/2016,768,13086
7/18/2016,769,13112
7/19/2016,770,13086
7/20/2016,771,13100
7/21/2016,772,13122
7/22/2016,773,13102
7/25/2016,774,13135
7/26/2016,775,13150
7/27/2016,776,13130
7/28/2016,777,13113
7/29/2016,778,13094
8/1/2016,779,13080
8/2/2016,780,13079
8/3/2016,781,13114
8/4/2016,782,13138
8/5/2016,783,13125
8/8/2016,784,13144
8/9/2016,785,13133
8/10/2016,786,13123
8/11/2016,787,13113
8/12/2016,788,13120
8/15/2016,789,13121
8/16/2016,790,13098
8/18/2016,791,13114
8/19/2016,792,13119
8/22/2016,793,13197
8/23/2016,794,13216
8/24/2016,795,13252
8/25/2016,796,13267
8/26/2016,797,13242
8/29/2016,798,13275
8/30/2016,799,13260
8/31/2016,800,13300
9/1/2016,801,13269
9/2/2016,802,13261
9/5/2016,803,13197
9/6/2016,804,13162
9/7/2016,805,13086
9/8/2016,806,13090
9/9/2016,807,13089
9/13/2016,808,13151
9/14/2016,809,13228
9/15/2016,810,13190
9/16/2016,811,13131
9/19/2016,812,13164
9/20/2016,813,13142
9/21/2016,814,13148
9/22/2016,815,13098
9/23/2016,816,13098
9/26/2016,817,13076
9/27/2016,818,13027
9/28/2016,819,12926
9/29/2016,820,12952
9/30/2016,821,12998
10/3/2016,822,13010
10/4/2016,823,12988
10/5/2016,824,12995
10/6/2016,825,12992
10/7/2016,826,13002
10/10/2016,827,12969
10/11/2016,828,12992
10/12/2016,829,13023
10/13/2016,830,13028
10/14/2016,831,13047
10/17/2016,832,13054
10/18/2016,833,13044
10/19/2016,834,13007
10/20/2016,835,12999
10/21/2016,836,13020
10/24/2016,837,13047
10/25/2016,838,13022
10/26/2016,839,12997
10/27/2016,840,13027
10/28/2016,841,13048
10/31/2016,842,13051
11/1/2016,843,13036
11/2/2016,844,13058
11/3/2016,845,13050
11/4/2016,846,13103
11/7/2016,847,13082
11/8/2016,848,13090
11/9/2016,849,13084
11/10/2016,850,13118
11/11/2016,851,13350
11/14/2016,852,13358
11/15/2016,853,13338
11/16/2016,854,13347
11/17/2016,855,13385
11/18/2016,856,13408
11/21/2016,857,13438
11/22/2016,858,13424
11/23/2016,859,13473
11/24/2016,860,13540
11/25/2016,861,13570
11/28/2016,862,13467
11/29/2016,863,13549
11/30/2016,864,13563
12/1/2016,865,13582
12/2/2016,866,13524
12/5/2016,867,13516
12/6/2016,868,13405
12/7/2016,869,13336
12/8/2016,870,13304
12/9/2016,871,13337
12/13/2016,872,13309
12/14/2016,873,13285
12/15/2016,874,13367
12/16/2016,875,13426
12/19/2016,876,13381
12/20/2016,877,13393
12/21/2016,878,13473
12/22/2016,879,13435
12/23/2016,880,13470
12/27/2016,881,13436
12/28/2016,882,13447
12/29/2016,883,13473
12/30/2016,884,13436
1/3/2017,885,13485
1/4/2017,886,13478
1/5/2017,887,13370
1/6/2017,888,13347
1/9/2017,889,13385
1/10/2017,890,13320
1/11/2017,891,13327
1/12/2017,892,13288
1/13/2017,893,13308
1/16/2017,894,13354
1/17/2017,895,13381
1/18/2017,896,13328
1/19/2017,897,13376
1/20/2017,898,13382
1/23/2017,899,13372
1/24/2017,900,13330
1/25/2017,901,13340
1/26/2017,902,13325
1/27/2017,903,13359
1/30/2017,904,13335
1/31/2017,905,13343
2/1/2017,906,13349
2/2/2017,907,13374
2/3/2017,908,13362
2/6/2017,909,13329
2/7/2017,910,13322
2/8/2017,911,13337
2/9/2017,912,13308
2/10/2017,913,13318
2/13/2017,914,13330
2/14/2017,915,13330
2/16/2017,916,13329
2/17/2017,917,13328
2/20/2017,918,13352
2/21/2017,919,13370
2/22/2017,920,13356
2/23/2017,921,13360
2/24/2017,922,13336
2/27/2017,923,13339
2/28/2017,924,13347
3/1/2017,925,13361
3/2/2017,926,13361
3/3/2017,927,13375
3/6/2017,928,13364
3/7/2017,929,13350
3/8/2017,930,13340
3/9/2017,931,13373
3/10/2017,932,13393
3/13/2017,933,13364
3/14/2017,934,13360
3/15/2017,935,13375
3/16/2017,936,13336
3/17/2017,937,13342
3/20/2017,938,13329
3/21/2017,939,13308
3/22/2017,940,13335
3/23/2017,941,13332
3/24/2017,942,13329
3/27/2017,943,13314
3/29/2017,944,13323
3/30/2017,945,13316
3/31/2017,946,13321
4/3/2017,947,13324
4/4/2017,948,13326
4/5/2017,949,13329
4/6/2017,950,13327
4/7/2017,951,13341
4/10/2017,952,13323
4/11/2017,953,13282
4/12/2017,954,13298
4/13/2017,955,13264
4/17/2017,956,13255
4/18/2017,957,13299
4/20/2017,958,13328
4/21/2017,959,13320
4/25/2017,960,13296
4/26/2017,961,13278
4/27/2017,962,13299
4/28/2017,963,13327
5/2/2017,964,13316
5/3/2017,965,13297
5/4/2017,966,13330
5/5/2017,967,13339
5/8/2017,968,13324
5/9/2017,969,13317
5/10/2017,970,13355
5/12/2017,971,13340
5/15/2017,972,13319
5/16/2017,973,13298
5/17/2017,974,13306
5/18/2017,975,13343
5/19/2017,976,13410
5/22/2017,977,13297
5/23/2017,978,13296
5/24/2017,979,13316
5/26/2017,980,13295
5/29/2017,981,13312
5/30/2017,982,13336
5/31/2017,983,13321
6/2/2017,984,13311
6/5/2017,985,13287
6/6/2017,986,13285
6/7/2017,987,13307
6/8/2017,988,13316
6/9/2017,989,13292
6/12/2017,990,13292
6/13/2017,991,13294
6/14/2017,992,13286
6/15/2017,993,13282
6/16/2017,994,13298
6/19/2017,995,13286
6/20/2017,996,13297
6/21/2017,997,13301
6/22/2017,998,13319
7/3/2017,999,13325
7/4/2017,1000,13386
7/5/2017,1001,13349
7/6/2017,1002,13364
7/7/2017,1003,13397
7/10/2017,1004,13408
7/11/2017,1005,13387
7/12/2017,1006,13368
7/13/2017,1007,13342
7/14/2017,1008,13347
7/17/2017,1009,13313
7/18/2017,1010,13314
7/19/2017,1011,13304
7/20/2017,1012,13320
7/21/2017,1013,13323
7/24/2017,1014,13319
7/25/2017,1015,13320
7/26/2017,1016,13334
7/27/2017,1017,13315
7/28/2017,1018,13326
7/31/2017,1019,13323
8/1/2017,1020,13318
8/2/2017,1021,13331
8/3/2017,1022,13330
8/4/2017,1023,13324
8/7/2017,1024,13319
8/8/2017,1025,13319
8/9/2017,1026,13324
8/10/2017,1027,13338
8/11/2017,1028,13370
8/14/2017,1029,13344
8/15/2017,1030,13344
8/16/2017,1031,13374
8/18/2017,1032,13368
8/21/2017,1033,13355
8/22/2017,1034,13338
8/23/2017,1035,13342
8/24/2017,1036,13354
8/25/2017,1037,13348
8/28/2017,1038,13338
8/29/2017,1039,13348
8/30/2017,1040,13343
8/31/2017,1041,13351
9/4/2017,1042,13345
9/5/2017,1043,13336
9/6/2017,1044,13337
9/7/2017,1045,13331
9/8/2017,1046,13284
9/11/2017,1047,13154
9/12/2017,1048,13186
9/13/2017,1049,13209
9/14/2017,1050,13239
9/15/2017,1051,13261
9/18/2017,1052,13238
9/19/2017,1053,13258
9/20/2017,1054,13270
9/22/2017,1055,13325
9/25/2017,1056,13305
9/26/2017,1057,13348
9/27/2017,1058,13384
9/28/2017,1059,13464
9/29/2017,1060,13492
10/2/2017,1061,13499
10/3/2017,1062,13582
10/4/2017,1063,13489
10/5/2017,1064,13483
10/6/2017,1065,13485
10/9/2017,1066,13504
10/10/2017,1067,13491
10/11/2017,1068,13509
10/12/2017,1069,13521
10/13/2017,1070,13508
10/16/2017,1071,13483
10/17/2017,1072,13490
10/18/2017,1073,13514
10/19/2017,1074,13521
10/20/2017,1075,13517
10/23/2017,1076,13535
10/24/2017,1077,13529
10/25/2017,1078,13570
10/26/2017,1079,13560
10/27/2017,1080,13630
10/30/2017,1081,13580
10/31/2017,1082,13572
11/1/2017,1083,13592
11/2/2017,1084,13562
11/3/2017,1085,13500
11/6/2017,1086,13529
11/7/2017,1087,13504
11/8/2017,1088,13524
11/9/2017,1089,13514
11/10/2017,1090,13514
11/13/2017,1091,13555
11/14/2017,1092,13542
11/15/2017,1093,13539
11/16/2017,1094,13538
11/17/2017,1095,13517
11/20/2017,1096,13529
11/21/2017,1097,13544
11/22/2017,1098,13523
11/23/2017,1099,13503
11/24/2017,1100,13506
11/27/2017,1101,13511
11/28/2017,1102,13527
11/29/2017,1103,13515
11/30/2017,1104,13514
12/4/2017,1105,13527
12/5/2017,1106,13515
12/6/2017,1107,13524
12/7/2017,1108,13552
12/8/2017,1109,13556
12/11/2017,1110,13546
12/12/2017,1111,13550
12/13/2017,1112,13589
12/14/2017,1113,13565
12/15/2017,1114,13573
12/18/2017,1115,13584
12/19/2017,1116,13587
12/20/2017,1117,13579
12/21/2017,1118,13545
12/22/2017,1119,13558
12/27/2017,1120,13562
12/28/2017,1121,13560
12/29/2017,1122,13548
1/2/2018,1123,13542
1/3/2018,1124,13498
1/4/2018,1125,13474
1/5/2018,1126,13405
1/8/2018,1127,13397
1/9/2018,1128,13428
1/10/2018,1129,13449
1/11/2018,1130,13427
1/12/2018,1131,13362
1/15/2018,1132,13330
1/16/2018,1133,13333
1/17/2018,1134,13323
1/18/2018,1135,13365
1/19/2018,1136,13331
1/22/2018,1137,13334
1/23/2018,1138,13318
1/24/2018,1139,13321
1/25/2018,1140,13290
1/26/2018,1141,13303
1/29/2018,1142,13327
1/30/2018,1143,13398
1/31/2018,1144,13413
2/1/2018,1145,13402
2/2/2018,1146,13428
2/5/2018,1147,13498
2/6/2018,1148,13578
2/7/2018,1149,13533
2/8/2018,1150,13602
2/9/2018,1151,13643
2/12/2018,1152,13609
2/13/2018,1153,13644
2/14/2018,1154,13657
2/15/2018,1155,13570
2/19/2018,1156,13541
2/20/2018,1157,13573
2/21/2018,1158,13582
2/22/2018,1159,13665
2/23/2018,1160,13670
2/26/2018,1161,13659
2/27/2018,1162,13650
2/28/2018,1163,13707
3/1/2018,1164,13793
3/2/2018,1165,13746
3/5/2018,1166,13740
3/6/2018,1167,13750
3/7/2018,1168,13763
3/8/2018,1169,13774
3/9/2018,1170,13794
3/12/2018,1171,13768
3/13/2018,1172,13757
3/14/2018,1173,13739
3/15/2018,1174,13748
3/16/2018,1175,13765
3/19/2018,1176,13765
3/20/2018,1177,13761
3/21/2018,1178,13759
3/22/2018,1179,13737
3/23/2018,1180,13780
3/26/2018,1181,13776
3/27/2018,1182,13708
3/28/2018,1183,13745
3/29/2018,1184,13756
4/2/2018,1185,13750
4/3/2018,1186,13765
4/4/2018,1187,13760
4/5/2018,1188,13767
4/6/2018,1189,13771
4/9/2018,1190,13771
4/10/2018,1191,13759
4/11/2018,1192,13747
4/12/2018,1193,13763
4/13/2018,1194,13753
4/16/2018,1195,13766
4/17/2018,1196,13770
4/18/2018,1197,13770
4/19/2018,1198,13778
4/20/2018,1199,13804
4/23/2018,1200,13894
4/24/2018,1201,13900
4/25/2018,1202,13888
4/26/2018,1203,13930
4/27/2018,1204,13879
4/30/2018,1205,13877
5/2/2018,1206,13936
5/3/2018,1207,13965
5/4/2018,1208,13943
5/7/2018,1209,13956
5/8/2018,1210,14036
5/9/2018,1211,14074
5/11/2018,1212,14048
5/14/2018,1213,13976
5/15/2018,1214,14020
5/16/2018,1215,14094
5/17/2018,1216,14074
5/18/2018,1217,14107
5/21/2018,1218,14176
5/22/2018,1219,14178
5/23/2018,1220,14192
5/24/2018,1221,14205
5/25/2018,1222,14166
5/28/2018,1223,14065
5/30/2018,1224,14032
5/31/2018,1225,13951
6/4/2018,1226,13872
6/5/2018,1227,13887
6/6/2018,1228,13875
6/7/2018,1229,13868
6/8/2018,1230,13902
6/21/2018,1231,14090
6/22/2018,1232,14102
6/25/2018,1233,14105
6/26/2018,1234,14163
6/28/2018,1235,14271
6/29/2018,1236,14404
7/2/2018,1237,14331
7/3/2018,1238,14418
7/4/2018,1239,14343
7/5/2018,1240,14387
7/6/2018,1241,14409
7/9/2018,1242,14332
7/10/2018,1243,14326
7/11/2018,1244,14391
7/12/2018,1245,14435
7/13/2018,1246,14358
7/16/2018,1247,14396
7/17/2018,1248,14391
7/18/2018,1249,14406
7/19/2018,1250,14418
7/20/2018,1251,14520
7/23/2018,1252,14454
7/24/2018,1253,14541
7/25/2018,1254,14515
7/26/2018,1255,14443
7/27/2018,1256,14483
7/30/2018,1257,14409
7/31/2018,1258,14413
8/1/2018,1259,14442
8/2/2018,1260,14446
8/3/2018,1261,14503
8/6/2018,1262,14481
8/7/2018,1263,14485
8/8/2018,1264,14439
8/9/2018,1265,14422
8/10/2018,1266,14437
8/13/2018,1267,14583
8/14/2018,1268,14625
8/15/2018,1269,14621
8/16/2018,1270,14619
8/20/2018,1271,14578
8/21/2018,1272,14568
8/23/2018,1273,14620
8/24/2018,1274,14655
8/27/2018,1275,14610
8/28/2018,1276,14614
8/29/2018,1277,14643
8/30/2018,1278,14655
8/31/2018,1279,14711
9/3/2018,1280,14767
9/4/2018,1281,14840
9/5/2018,1282,14927
9/6/2018,1283,14891
9/7/2018,1284,14884
9/10/2018,1285,14835
9/12/2018,1286,14863
9/13/2018,1287,14794
9/14/2018,1288,14835
9/17/2018,1289,14859
9/18/2018,1290,14908
9/19/2018,1291,14896
9/20/2018,1292,14839
9/21/2018,1293,14824
9/24/2018,1294,14865
9/25/2018,1295,14893
9/26/2018,1296,14938
9/27/2018,1297,14919
9/28/2018,1298,14929
10/1/2018,1299,14905
10/2/2018,1300,14988
10/3/2018,1301,15088
10/4/2018,1302,15133
10/5/2018,1303,15182
10/8/2018,1304,15193
10/9/2018,1305,15233
10/10/2018,1306,15215
10/11/2018,1307,15253
10/12/2018,1308,15194
10/15/2018,1309,15246
10/16/2018,1310,15206
10/17/2018,1311,15178
10/18/2018,1312,15187
10/19/2018,1313,15221
10/22/2018,1314,15192
10/23/2018,1315,15208
10/24/2018,1316,15193
10/25/2018,1317,15210
10/26/2018,1318,15207
10/29/2018,1319,15218
10/30/2018,1320,15237
10/31/2018,1321,15227
11/1/2018,1322,15195
11/2/2018,1323,15089
11/5/2018,1324,14972
11/6/2018,1325,14891
11/7/2018,1326,14764
11/8/2018,1327,14651
11/9/2018,1328,14632
11/12/2018,1329,14747
11/13/2018,1330,14895
11/14/2018,1331,14755
11/15/2018,1332,14764
11/16/2018,1333,14594
11/19/2018,1334,14586
11/21/2018,1335,14618
11/22/2018,1336,14592
11/23/2018,1337,14552
11/26/2018,1338,14551
11/27/2018,1339,14504
11/28/2018,1340,14535
11/29/2018,1341,14408
11/30/2018,1342,14339
12/3/2018,1343,14252
12/4/2018,1344,14293
12/5/2018,1345,14383
12/6/2018,1346,14507
12/7/2018,1347,14539
12/10/2018,1348,14517
12/11/2018,1349,14613
12/12/2018,1350,14577
12/13/2018,1351,14536
12/14/2018,1352,14538
12/17/2018,1353,14617
12/18/2018,1354,14523
12/19/2018,1355,14380
12/20/2018,1356,14499
12/21/2018,1357,14480
12/26/2018,1358,14602
12/27/2018,1359,14563
12/28/2018,1360,14542
12/31/2018,1361,14481
1/2/2019,1362,14465
1/3/2019,1363,14474
1/4/2019,1364,14350
1/7/2019,1365,14105
1/8/2019,1366,14031
1/9/2019,1367,14120
1/10/2019,1368,14093
1/11/2019,1369,14076
1/14/2019,1370,14052
1/15/2019,1371,14084
1/16/2019,1372,14154
1/17/2019,1373,14158
1/18/2019,1374,14182
1/21/2019,1375,14212
1/22/2019,1376,14221
1/23/2019,1377,14188
1/24/2019,1378,14141
1/25/2019,1379,14163
1/28/2019,1380,14038
1/29/2019,1381,14098
1/30/2019,1382,14112
1/31/2019,1383,14072
2/1/2019,1384,13978
2/4/2019,1385,13976
2/6/2019,1386,13947
2/7/2019,1387,13978
2/8/2019,1388,13992
2/11/2019,1389,13995
2/12/2019,1390,14088
2/13/2019,1391,14027
2/14/2019,1392,14093
2/15/2019,1393,14116
2/18/2019,1394,14106
2/19/2019,1395,14119
2/20/2019,1396,14055
2/21/2019,1397,14057
2/22/2019,1398,14079
2/25/2019,1399,14007
2/26/2019,1400,13990
2/27/2019,1401,14004
2/28/2019,1402,14062
3/1/2019,1403,14111
3/4/2019,1404,14149
3/5/2019,1405,14146
3/6/2019,1406,14129
3/8/2019,1407,14223
3/11/2019,1408,14324
3/12/2019,1409,14251
3/13/2019,1410,14269
3/14/2019,1411,14253
3/15/2019,1412,14310
3/18/2019,1413,14242
3/19/2019,1414,14228
3/20/2019,1415,14231
3/21/2019,1416,14102
3/22/2019,1417,14157
3/25/2019,1418,14223
3/26/2019,1419,14171
3/27/2019,1420,14202
3/28/2019,1421,14255
3/29/2019,1422,14244
4/1/2019,1423,14231
4/2/2019,1424,14237
4/4/2019,1425,14182
4/5/2019,1426,14158
4/8/2019,1427,14145
4/9/2019,1428,14150
4/10/2019,1429,14155
4/11/2019,1430,14156
4/12/2019,1431,14153
4/15/2019,1432,14067
4/16/2019,1433,14066
4/18/2019,1434,14016
4/22/2019,1435,14056
4/23/2019,1436,14080
4/24/2019,1437,14112
4/25/2019,1438,14154
4/26/2019,1439,14188
4/29/2019,1440,14188
4/30/2019,1441,14215
5/2/2019,1442,14245
5/3/2019,1443,14282
5/6/2019,1444,14308
5/7/2019,1445,14309
5/8/2019,1446,14305
5/9/2019,1447,14338
5/10/2019,1448,14347
5/13/2019,1449,14362
5/14/2019,1450,14444
5/15/2019,1451,14448
5/16/2019,1452,14458
5/17/2019,1453,14469
5/20/2019,1454,14478
5/21/2019,1455,14462
5/22/2019,1456,14488
5/23/2019,1457,14513
5/24/2019,1458,14451
5/27/2019,1459,14360
5/28/2019,1460,14380
5/29/2019,1461,14417
5/31/2019,1462,14385
6/10/2019,1463,14231
6/11/2019,1464,14258
6/12/2019,1465,14234
6/13/2019,1466,14270
6/14/2019,1467,14304
6/17/2019,1468,14346
6/18/2019,1469,14334
6/19/2019,1470,14271
6/20/2019,1471,14236
6/21/2019,1472,14116
6/24/2019,1473,14165
6/25/2019,1474,14138
6/26/2019,1475,14174
6/27/2019,1476,14180
6/28/2019,1477,14141
7/1/2019,1478,14117
7/2/2019,1479,14140
7/3/2019,1480,14160
7/4/2019,1481,14106
7/5/2019,1482,14148
7/8/2019,1483,14147
7/9/2019,1484,14129
7/10/2019,1485,14152
7/11/2019,1486,14089
7/12/2019,1487,14085
7/15/2019,1488,13970
7/16/2019,1489,13925
7/17/2019,1490,13949
7/18/2019,1491,13976
7/19/2019,1492,13913
7/22/2019,1493,13963
7/23/2019,1494,13973
7/24/2019,1495,14011
7/25/2019,1496,13986
7/26/2019,1497,14001
7/29/2019,1498,14010
7/30/2019,1499,14034
7/31/2019,1500,14026
8/1/2019,1501,14098
8/2/2019,1502,14203
8/5/2019,1503,14231
8/6/2019,1504,14344
8/7/2019,1505,14275
8/8/2019,1506,14231
8/9/2019,1507,14195
8/12/2019,1508,14220
8/13/2019,1509,14283
8/14/2019,1510,14234
8/15/2019,1511,14296
8/16/2019,1512,14258
8/19/2019,1513,14203
8/20/2019,1514,14262
8/21/2019,1515,14259
8/22/2019,1516,14234
8/23/2019,1517,14249
8/26/2019,1518,14261
8/27/2019,1519,14235
8/28/2019,1520,14263
8/29/2019,1521,14254
8/30/2019,1522,14237
9/2/2019,1523,14190
9/3/2019,1524,14217
9/4/2019,1525,14218
9/5/2019,1526,14153
9/6/2019,1527,14140
9/9/2019,1528,14092
9/10/2019,1529,14031
9/11/2019,1530,14063
9/12/2019,1531,14052
9/13/2019,1532,13950
9/16/2019,1533,14020
9/17/2019,1534,14100
9/18/2019,1535,14080
9/19/2019,1536,14099
9/20/2019,1537,14085
9/23/2019,1538,14077
9/24/2019,1539,14099
9/25/2019,1540,14134
9/26/2019,1541,14162
9/27/2019,1542,14197
9/30/2019,1543,14174
10/1/2019,1544,14196
10/2/2019,1545,14207
10/3/2019,1546,14193
10/4/2019,1547,14135
10/7/2019,1548,14156
10/8/2019,1549,14170
10/9/2019,1550,14182
10/10/2019,1551,14157
10/14/2019,1552,14126
10/15/2019,1553,14140
10/16/2019,1554,14187
10/17/2019,1555,14172
10/18/2019,1556,14140
10/21/2019,1557,14132
10/22/2019,1558,14058
10/23/2019,1559,14051
10/24/2019,1560,13996
10/25/2019,1561,14064
10/28/2019,1562,14023
10/29/2019,1563,14028
10/30/2019,1564,14044
10/31/2019,1565,14008
11/1/2019,1566,14066
11/4/2019,1567,14002
11/5/2019,1568,14031
11/6/2019,1569,13992
11/7/2019,1570,14040
11/8/2019,1571,14020
11/11/2019,1572,14040
11/12/2019,1573,14059
11/13/2019,1574,14082
11/14/2019,1575,14098
11/15/2019,1576,14069
11/18/2019,1577,14075
11/19/2019,1578,14091
11/20/2019,1579,14097
11/21/2019,1580,14112
11/22/2019,1581,14100
11/25/2019,1582,14091
11/26/2019,1583,14081
11/27/2019,1584,14096
11/28/2019,1585,14099
11/29/2019,1586,14102
12/2/2019,1587,14122
12/3/2019,1588,14130
12/4/2019,1589,14125
12/5/2019,1590,14094
12/6/2019,1591,14037
12/9/2019,1592,14021
12/10/2019,1593,14004
12/11/2019,1594,14025
12/12/2019,1595,14042
12/13/2019,1596,13982
12/16/2019,1597,14004
12/17/2019,1598,14018
12/18/2019,1599,14007
12/19/2019,1600,13983
12/20/2019,1601,13993
12/23/2019,1602,13978
12/26/2019,1603,13982
12/27/2019,1604,13956
12/30/2019,1605,13945
12/31/2019,1606,13901
1/2/2020,1607,13895
1/3/2020,1608,13899
1/6/2020,1609,13961
1/7/2020,1610,13919
1/8/2020,1611,13934
1/9/2020,1612,13860
1/10/2020,1613,13812
1/13/2020,1614,13708
1/14/2020,1615,13654
1/15/2020,1616,13706
1/16/2020,1617,13658
1/17/2020,1618,13648
1/20/2020,1619,13654
1/21/2020,1620,13658
1/22/2020,1621,13678
1/23/2020,1622,13626
1/24/2020,1623,13632
1/27/2020,1624,13612
1/28/2020,1625,13647
1/29/2020,1626,13634
1/30/2020,1627,13652
1/31/2020,1628,13662
2/3/2020,1629,13726
2/4/2020,1630,13760
2/5/2020,1631,13717
2/6/2020,1632,13662
2/7/2020,1633,13647
2/10/2020,1634,13708
2/11/2020,1635,13686
2/12/2020,1636,13659
2/13/2020,1637,13679
2/14/2020,1638,13707
2/17/2020,1639,13693
2/18/2020,1640,13676
2/19/2020,1641,13717
2/20/2020,1642,13735
2/21/2020,1643,13777
2/24/2020,1644,13863
2/25/2020,1645,13893
2/26/2020,1646,13966
2/27/2020,1647,14018
2/28/2020,1648,14234
3/2/2020,1649,14413
3/3/2020,1650,14222
3/4/2020,1651,14171
3/5/2020,1652,14168
3/6/2020,1653,14267
3/9/2020,1654,14342
3/10/2020,1655,14411
3/11/2020,1656,14323
3/12/2020,1657,14490
3/13/2020,1658,14815
3/16/2020,1659,14818
3/17/2020,1660,15083
3/18/2020,1661,15223
3/19/2020,1662,15712
3/20/2020,1663,16273
3/23/2020,1664,16608
3/24/2020,1665,16486
3/26/2020,1666,16328
3/27/2020,1667,16230
3/30/2020,1668,16336
3/31/2020,1669,16367
4/1/2020,1670,16413
4/2/2020,1671,16741
4/3/2020,1672,16464
4/6/2020,1673,16556
4/7/2020,1674,16410
4/8/2020,1675,16245
4/9/2020,1676,16241
4/13/2020,1677,15840
4/14/2020,1678,15722
4/15/2020,1679,15707
4/16/2020,1680,15787
4/17/2020,1681,15503
4/20/2020,1682,15543
4/21/2020,1683,15643
4/22/2020,1684,15567
4/23/2020,1685,15630
4/24/2020,1686,15553
4/27/2020,1687,15591
4/28/2020,1688,15488
4/29/2020,1689,15415
4/30/2020,1690,15157
5/4/2020,1691,15073
5/5/2020,1692,15104
5/6/2020,1693,15127
5/8/2020,1694,15009
5/11/2020,1695,14936
5/12/2020,1696,14978
5/13/2020,1697,14887
5/14/2020,1698,14946
5/15/2020,1699,14909
5/18/2020,1700,14885
5/19/2020,1701,14823
5/20/2020,1702,14785
5/26/2020,1703,14774
5/27/2020,1704,14761
5/28/2020,1705,14769
5/29/2020,1706,14733
6/2/2020,1707,14502
6/3/2020,1708,14245
6/4/2020,1709,14165
6/5/2020,1710,14100
6/8/2020,1711,13956
6/9/2020,1712,13973
6/10/2020,1713,14083
6/11/2020,1714,14014
6/12/2020,1715,14257
6/15/2020,1716,14228
6/16/2020,1717,14155
6/17/2020,1718,14234
6/18/2020,1719,14186
6/19/2020,1720,14242
6/22/2020,1721,14209
6/23/2020,1722,14265
6/24/2020,1723,14160
6/25/2020,1724,14231
6/26/2020,1725,14239
6/29/2020,1726,14369
6/30/2020,1727,14302
7/1/2020,1728,14341
7/2/2020,1729,14516
7/3/2020,1730,14566
7/6/2020,1731,14547
7/7/2020,1732,14456
7/8/2020,1733,14460
7/9/2020,1734,14446
7/10/2020,1735,14501
7/13/2020,1736,14486
7/14/2020,1737,14512
7/15/2020,1738,14616
7/16/2020,1739,14632
7/17/2020,1740,14780
7/20/2020,1741,14832
7/21/2020,1742,14813
7/22/2020,1743,14655
7/23/2020,1744,14669
7/24/2020,1745,14614
7/27/2020,1746,14605
7/28/2020,1747,14543
7/29/2020,1748,14570
7/30/2020,1749,14653
8/3/2020,1750,14713
8/4/2020,1751,14697
8/5/2020,1752,14623
8/6/2020,1753,14587
8/7/2020,1754,14647
8/10/2020,1755,14750
8/11/2020,1756,14728
8/12/2020,1757,14777
8/13/2020,1758,14877
8/14/2020,1759,14917
8/18/2020,1760,14907
8/19/2020,1761,14786
8/24/2020,1762,14794
8/25/2020,1763,14632
8/26/2020,1764,14636
8/27/2020,1765,14714
8/28/2020,1766,14702
8/31/2020,1767,14554
9/1/2020,1768,14615
9/2/2020,1769,14804
9/3/2020,1770,14818
9/4/2020,1771,14792
9/7/2020,1772,14754
9/8/2020,1773,14798
9/9/2020,1774,14853
9/10/2020,1775,14871
9/11/2020,1776,14979
9/14/2020,1777,14974
9/15/2020,1778,14870
9/16/2020,1779,14844
9/17/2020,1780,14878
9/18/2020,1781,14768
9/21/2020,1782,14723
9/22/2020,1783,14782
9/23/2020,1784,14835
9/24/2020,1785,14949
9/25/2020,1786,14951
9/28/2020,1787,14959
9/29/2020,1788,14920
9/30/2020,1789,14918
10/1/2020,1790,14876
10/2/2020,1791,14890
10/5/2020,1792,14867
10/6/2020,1793,14712
10/7/2020,1794,14784
10/8/2020,1795,14750
10/9/2020,1796,14737
10/12/2020,1797,14746
10/13/2020,1798,14793
10/14/2020,1799,14780
10/15/2020,1800,14760
10/16/2020,1801,14766
10/19/2020,1802,14741
10/21/2020,1803,14658
10/22/2020,1804,14697
10/23/2020,1805,14738
10/26/2020,1806,14697
10/27/2020,1807,14690
11/2/2020,1808,14718
11/3/2020,1809,14609
11/4/2020,1810,14557
11/5/2020,1811,14439
11/6/2020,1812,14321
11/9/2020,1813,14172
11/10/2020,1814,14015
11/11/2020,1815,14076
11/12/2020,1816,14187
11/13/2020,1817,14222
11/16/2020,1818,14139
11/17/2020,1819,14073
